id,entryDecisionBar,entryExecutionBar,entrySession,entryTime,entryPrice,quantity,entryNotional,entryFee,entryEquityBefore,exitDecisionBar,exitExecutionBar,exitSession,exitTime,exitPrice,exitNotional,exitFee,totalFees,grossPnl,netPnl,returnOnEntryEquity,holdingBars,holdingSessions,exitReason,equityAfterExit
T1,399,400,1,2006-09-26 open,1326.3499755859375,75.31956251287852,99900.09990009991,99.90009990009992,100000.0,692,693,294,2007-11-26 open,1440.739990234375,108515.905759262,108.515905759262,208.41600565936193,8615.805859162077,8407.389853502715,0.08407389853502714,293,293.0,signal,108407.38985350273
T2,702,703,304,2007-12-10 open,1505.1099853515625,71.9542703302467,108299.09076273999,108.29909076274,108407.38985350273,709,710,311,2007-12-19 open,1454.699951171875,104671.87353601777,104.67187353601777,212.97096429875776,-3627.2172267222104,-3840.188191020968,-0.03542367541742717,7,7.0,signal,104567.20166248175
T3,713,714,315,2007-12-26 open,1495.1199951171875,69.8691337583044,104462.7389235582,104.46273892355819,104567.20166248175,718,719,320,2008-01-03 open,1447.550048828125,101139.06798341233,101.13906798341233,205.60180690697052,-3323.670940145864,-3529.2727470528343,-0.033751240264079115,5,5.0,signal,101037.92891542891
T4,1113,1114,715,2009-07-29 open,977.6599731445312,103.2434534461436,100936.99192350543,100.93699192350543,101037.92891542891,1330,1331,932,2010-06-09 open,1062.75,109721.98014988912,109.72198014988912,210.65897207339455,8784.988226383697,8574.329254310303,0.08486248032149606,217,217.0,signal,109612.25816973923
T5,1338,1339,940,2010-06-21 open,1122.7900390625,97.52736629704768,109502.75541432491,109.50275541432492,109612.25816973923,1342,1343,944,2010-06-25 open,1075.0999755859375,104851.66912491675,104.85166912491675,214.35442453924168,-4651.086289408166,-4865.440713947408,-0.04438774271407735,4,4.0,signal,104746.81745579184
T6,1369,1370,971,2010-08-04 open,1121.06005859375,93.34216706620853,104642.17528051134,104.64217528051134,104746.81745579184,1382,1383,984,2010-08-23 open,1073.3599853515625,100189.74707486869,100.18974707486869,204.83192235538002,-4452.428205642649,-4657.26012799803,-0.044462068071553736,13,13.0,signal,100089.55732779382
T7,1399,1400,1001,2010-09-16 open,1123.8900146484375,88.9673957921153,99989.5677600338,99.9895677600338,100089.55732779382,1625,1626,1227,2011-08-09 open,1120.22998046875,99663.94405055686,99.66394405055686,199.65351181059066,-325.62370947692784,-525.2772212875185,-0.005248072179670381,226,226.0,signal,99564.28010650631
T8,1690,1691,1292,2011-11-09 open,1275.1800537109375,78.00060470030074,99464.8152912151,99.4648152912151,99564.28010650631,1699,1700,1301,2011-11-22 open,1192.97998046875,93053.15987191547,93.05315987191547,192.5179751631306,-6411.6554192996355,-6604.173394462766,-0.06633075021883474,9,9.0,signal,92960.10671204356
T9,1722,1723,1324,2011-12-27 open,1265.02001953125,73.41167573536323,92867.23947257099,92.86723947257099,92960.10671204356,2642,2643,2244,2015-08-25 open,1898.0799560546875,139341.2302536792,139.3412302536792,232.2084697262502,46473.99078110822,46241.78231138197,0.4974368462659161,920,920.0,signal,139201.88902342552
T10,2689,2690,2291,2015-10-30 open,2090.0,66.53723741494177,139062.8261972283,139.0628261972283,139201.88902342552,2735,2736,2337,2016-01-07 open,1985.3199462890625,132097.7046108548,132.0977046108548,271.1605308080831,-6965.121586373505,-7236.282117181588,-0.05198407987095515,46,46.0,signal,131965.60690624395
T11,2788,2789,2390,2016-03-24 open,2032.47998046875,64.86350389670558,131833.77313311084,131.83377313311084,131965.60690624395,3446,3447,3048,2018-11-01 open,2717.580078125,176271.7659870704,176.2717659870704,308.1055391201812,44437.99285395954,44129.88731483936,0.33440445847524347,658,658.0,signal,176095.49422108333
T12,3451,3452,3053,2018-11-08 open,2806.3798828125,62.685588549093254,175919.57464643693,175.91957464643693,176095.49422108333,3456,3457,3058,2018-11-15 open,2693.52001953125,168844.88769308157,168.84488769308157,344.7644623395185,-7074.686953355355,-7419.4514156948735,-0.04213311333440448,5,5.0,signal,168676.04280538848
T13,3519,3520,3121,2019-02-20 open,2779.050048828125,60.6349408284946,168507.5352701184,168.50753527011838,168676.04280538848,3786,3787,3388,2020-03-12 open,2630.860107421875,159522.04694157233,159.52204694157234,328.0295822116907,-8985.488328546051,-9313.517910757742,-0.05521541622542864,267,267.0,signal,159362.52489463077
T14,3843,3844,3445,2020-06-03 open,3098.89990234375,51.374141337269265,159203.32157305774,159.20332157305774,159362.52489463077,4283,4284,3885,2022-03-02 open,4322.56005859375,222067.81138903022,222.06781138903023,381.27113296208796,62864.48981597249,62483.218683010404,0.3920822585129334,440,440.0,signal,221845.7435776412
T15,4301,4302,3903,2022-03-28 open,4541.08984375,48.80416972221087,221624.11945818306,221.62411945818306,221845.7435776412,4322,4323,3924,2022-04-27 open,4186.52001953125,204319.6335786367,204.3196335786367,425.94375303681977,-17304.48587954635,-17730.42963258317,-0.07992233408065323,21,21.0,signal,204115.31394505806
T16,4516,4517,4118,2023-02-03 open,4136.68994140625,49.29337355006035,203911.40254251554,203.91140254251553,204115.31394505806,4541,4542,4143,2023-03-13 open,3835.1201171875,189046.00854587468,189.04600854587468,392.95741108839024,-14865.393996640882,-15258.351407729271,-0.07475358469103587,25,25.0,signal,188856.9625373288
T17,4557,4558,4159,2023-04-04 open,4128.02978515625,45.70419887024737,188668.29424308575,188.66829424308577,188856.9625373288,4701,4702,4303,2023-10-30 open,4139.39013671875,189187.5100101342,189.1875100101342,377.85580425321996,519.2157670484254,141.35996279520543,0.0007485027869558408,144,144.0,signal,188998.32250012405
T18,4707,4708,4309,2023-11-07 open,4366.2099609375,43.243342550250674,188809.51298713693,188.80951298713694,188998.32250012405,5059,5060,4661,2025-04-04 open,5292.14013671875,228849.82875605935,228.84982875605934,417.65934174319625,40040.31576892242,39622.65642717922,0.20964554554262363,352,352.0,signal,228620.97892730328
T19,5088,5089,4690,2025-05-16 open,5929.08984375,38.520682323901134,228392.58634096236,228.39258634096237,228620.97892730328,,5430,5031,2026-09-25 close,7743.41015625,298281.4427325759,298.2814427325759,526.6740290735382,69888.85639161353,69362.18236253998,0.3033937772814616,342,342.0,forced_end,297983.1612898433
